Title,Mean,Median,StDev,Rating,Confidence,Rating,Confidence,Rating,Confidence,Rating,Confidence,Rating,Confidence,Rating,Confidence,Rating,Confidence,Rating,Confidence,
PiC: A Phrase-in-Context Dataset for Phrase Understanding and Semantic Search,6.4, 6.0, 1.0198039027185568, 8, 3, 5, 3, 7, 3, 6, 3, 6, 3
FlowchartQA: The First Large-Scale Benchmark for Reasoning over Flowcharts,5.8, 6.0, 0.7483314773547882, 7, 3, 5, 4, 6, 4, 6, 3, 5, 3
Does Action Recognition Need Pose Estimation?,4.5, 4.5, 1.707825127659933, 4, 4, 7, 4, 5, 5, 3, 4, 2, 5, 6, 3
CaltechFN: Distorted and Partially Occluded Digits,4.833333333333333, 5.0, 2.3392781412697, 8, 5, 2, 4, 6, 2, 7, 3, 4, 5, 2, 4
State of the Benchmark: Existing Efforts across Modalities supporting Single and Multipurpose AI,3.8333333333333335, 4.0, 0.6871842709362768, 4, 5, 3, 4, 4, 3, 4, 3, 3, 4, 5, 3
Constructing the CORD-19 Vaccine Dataset,4.333333333333333, 4.0, 0.9428090415820634, 5, 4, 4, 5, 4, 4, 3, 3, 4, 4, 6, 3
A Benchmark for Compositional Visual Reasoning,6.0, 6.0, 1.0, 5, 4, 6, 3, 6, 5, 8, 3, 5, 3, 6, 3
SUPA: A Lightweight Diagnostic Simulator for Machine Learning in Particle Physics,6.333333333333333, 6.0, 1.699673171197595, 6, 4, 8, 5, 9, 3, 6, 2, 5, 2, 4, 3
LibSignal: An Open Library for Traffic Signal Control,5.4, 6.0, 0.8, 6, 3, 6, 3, 5, 3, 4, 5, 6, 3
AD-Mol: A Dataset for Antibiotic Discovery,5.0, 5.0, 0.7071067811865476, 5, 3, 4, 4, 6, 4, 5, 4
Honor of Kings Arena: an Environment for Generalization in Competitive Reinforcement Learning,7.0, 7.0, 0.6324555320336759, 7, 2, 7, 4, 7, 4, 6, 2, 8, 4
TCAB: A Large-Scale Text Classification Attack Benchmark,5.166666666666667, 5.0, 1.2133516482134197, 3, 5, 6, 4, 5, 3, 5, 4, 5, 4, 7, 3
MTNeuro:  A Benchmark for Evaluating Representations of Brain Structure Across Multiple Levels of Abstraction,6.5, 6.5, 0.9574271077563381, 8, 3, 6, 2, 6, 2, 7, 4, 7, 4, 5, 4
OLIVES Dataset: Ophthalmic Labels for Investigating Visual Eye Semantics,5.6, 5.0, 1.2, 5, 5, 7, 1, 5, 2, 7, 3, 4, 2
Generating Synthetic RGB-D Datasets for Texture-less Surfaces Reconstruction,4.333333333333333, 4.0, 0.9428090415820634, 5, 4, 4, 5, 4, 5, 6, 2, 3, 5, 4, 4
AI-Olympics: A Multi-Agent Benchmark for Evaluation of Active Inference,4.166666666666667, 4.0, 0.6871842709362768, 4, 4, 3, 4, 5, 4, 4, 4, 4, 3, 5, 4
Forecasting Future World Events With Neural Networks,6.857142857142857, 7.0, 0.6388765649999399, 7, 3, 7, 4, 7, 4, 8, 4, 6, 3, 6, 3, 7, 3
Evaluating histopathology transfer learning with ChampKit,5.5, 5.5, 1.3844373104863459, 6, 5, 4, 3, 6, 4, 8, 4, 5, 4, 4, 3
Video compression dataset and benchmark of learning-based video-quality metrics,7.0, 7.0, 0.6324555320336759, 7, 5, 8, 3, 7, 3, 7, 2, 6, 4
This is the way - lessons learned from designing and compiling LEPISZCZE a comprehensive NLP benchmark for Polish,6.0, 6.0, 0.6324555320336759, 6, 4, 6, 3, 6, 4, 7, 3, 5, 4
Anomaly Detection and Inter-Sensor Transfer Learning on Smart Manufacturing Datasets,3.8, 4.0, 0.7483314773547882, 3, 4, 5, 3, 4, 4, 3, 3, 4, 3
Benchmarking Multimodal Variational Autoencoders: GeBiD Dataset and Toolkit,5.166666666666667, 5.0, 1.0671873729054746, 4, 5, 7, 4, 6, 3, 5, 4, 5, 3, 4, 4
Free High-Resolution Satellite Imagery: The WorldStrat Dataset,6.333333333333333, 6.5, 0.7453559924999298, 5, 5, 7, 5, 7, 4, 7, 3, 6, 3, 6, 4
Fraud Dataset Benchmark for Automated Machine Learning Pipelines,5.166666666666667, 5.5, 1.0671873729054748, 5, 3, 6, 3, 3, 5, 6, 4, 5, 3, 6, 4
PorTis: A biological phenotype classification dataset for benchmarking nanopore signal-based protein analysis,4.8, 5.0, 0.9797958971132712, 5, 2, 6, 3, 3, 4, 5, 2, 5, 3
FinRL-Meta: Market Environments and Benchmarks for Data-Driven Financial Reinforcement Learning,7.5, 7.0, 1.118033988749895, 7, 3, 7, 3, 6, 3, 9, 1, 9, 4, 7, 4
Evaluating Out-of-Distribution Performance on Document Image Classifiers,6.5, 6.5, 0.5, 6, 4, 6, 5, 6, 4, 7, 4, 7, 4, 7, 4
Measuring Data,4.166666666666667, 4.0, 0.372677996249965, 5, 4, 4, 3, 4, 4, 4, 4, 4, 4, 4, 3
SafeBench: A Benchmarking Platform for Safety Evaluation of Autonomous Vehicles,7.166666666666667, 7.0, 0.6871842709362768, 7, 4, 7, 3, 6, 5, 7, 4, 8, 4, 8, 3
AnoShift: A Distribution Shift Benchmark for Unsupervised Anomaly Detection,6.4, 7.0, 1.2, 7, 4, 7, 3, 7, 4, 4, 5, 7, 3
FLAIR: Federated Learning Annotated Image Repository,7.6, 8.0, 1.0198039027185568, 9, 5, 8, 3, 7, 4, 6, 5, 8, 3
In Search of Out-of-Distribution Generalization on Graphs,4.833333333333333, 5.0, 0.6871842709362768, 6, 3, 5, 4, 5, 4, 4, 5, 5, 4, 4, 4
Towards Understanding How Machines Can Learn Causal Overhypotheses,5.666666666666667, 4.5, 2.2110831935702664, 7, 4, 4, 3, 10, 4, 4, 5, 5, 5, 4, 3
FETA: Towards Specializing Foundational Models for Expert Task Applications,6.2, 6.0, 1.16619037896906, 8, 4, 6, 4, 5, 4, 7, 4, 5, 3
Imitrob: Imitation Learning Dataset for Training and Evaluating 6D Object  Pose Estimators,5.833333333333333, 6.0, 1.0671873729054748, 5, 4, 6, 4, 7, 4, 7, 4, 6, 3, 4, 4
The Dollar Street Dataset: Images Representing the Geographic and Socioeconomic Diversity of the World,7.0, 6.5, 1.4142135623730951, 6, 3, 6, 3, 6, 4, 10, 4, 7, 4, 7, 4
Why do tree-based models still outperform deep learning on tabular data?,6.333333333333333, 6.5, 1.247219128924647, 4, 4, 6, 3, 7, 5, 7, 5, 8, 4, 6, 3
ENS-10: A Dataset For Post-Processing Ensemble Weather Forecasts,6.8, 7.0, 1.32664991614216, 5, 5, 7, 3, 6, 4, 7, 3, 9, 2
SKINCON: A skin disease dataset densely annotated by domain experts for fine-grained debugging and analysis,7.0, 7.0, 0.6324555320336759, 6, 5, 8, 5, 7, 4, 7, 4, 7, 5
Towards Better Evaluation for Dynamic Link Prediction,6.4, 6.0, 0.48989794855663565, 6, 3, 6, 3, 6, 5, 7, 4, 7, 4
Myriad: a real-world testbed to bridge trajectory optimization and deep learning,6.666666666666667, 6.5, 1.4907119849998596, 8, 4, 7, 4, 5, 3, 5, 4, 9, 2, 6, 3
A data-centric approach to table structure recognition,4.25, 4.0, 1.0897247358851685, 3, 5, 4, 5, 4, 4, 6, 3
Understanding Aesthetics with Language: A Photo Critique Dataset for Aesthetic Assessment,6.25, 6.5, 0.82915619758885, 5, 4, 6, 3, 7, 3, 7, 2
TweetDIS: A Large Twitter Dataset for Natural Disasters Built using Weak Supervision,4.333333333333333, 4.0, 0.9428090415820632, 4, 3, 6, 4, 5, 4, 4, 3, 4, 4, 3, 5
ETAB: A Benchmark Suite for Visual Representation Learning in Echocardiography,6.2, 7.0, 1.469693845669907, 7, 4, 8, 3, 5, 4, 4, 4, 7, 4
IDEO: Large Scale Egocentric 3D Object Dataset and Benchmark Challenges,6.333333333333333, 6.5, 0.7453559924999299, 7, 3, 6, 3, 6, 4, 7, 5, 7, 4, 5, 4
Homekit2020: A Time Series Classification Benchmark for Influenza Prediction Using Wearable Devices,5.857142857142857, 6.0, 1.2453996981544782, 6, 3, 7, 5, 5, 4, 8, 3, 5, 4, 6, 4, 4, 4
BRI3L: A brightness illusion image dataset for identification and localization of regions of illusory perception,5.6, 6.0, 1.0198039027185568, 4, 3, 5, 4, 7, 4, 6, 5, 6, 3
A Framework for Large Scale Synthetic Graph Dataset Generation,5.0, 5.0, 1.8257418583505538, 4, 4, 3, 5, 8, 2, 6, 3, 6, 2, 3, 4
Addressing Resource Scarcity across Sign Languages with Multilingual Pretraining and Unified-Vocabulary Datasets,7.666666666666667, 8.0, 1.3743685418725535, 6, 5, 9, 4, 7, 5, 9, 4, 6, 4, 9, 4
Making Intelligence: Values IQ and ML Benchmarks,6.0, 6.0, 1.6733200530681511, 6, 4, 5, 3, 9, 5, 4, 5, 6, 4
How Transferable are Video Representations Based on Synthetic Data?,6.6, 7.0, 0.4898979485566356, 7, 4, 7, 5, 6, 4, 7, 3, 6, 3
OpenXAI: Towards a Transparent Evaluation of Model Explanations,7.0, 7.0, 0.6324555320336759, 7, 5, 7, 5, 8, 3, 6, 3, 7, 5
DDXPlus: A New Dataset For Automatic Medical Diagnosis,5.666666666666667, 5.0, 1.3743685418725535, 5, 3, 5, 3, 7, 3, 5, 3, 8, 3, 4, 5
ActionNet: A Multimodal Dataset for Human Activities Using Wearable Sensors in a Kitchen Environment,6.0, 6.0, 1.0954451150103321, 8, 4, 6, 4, 5, 3, 5, 4, 6, 5
Look Radiate and Learn: Self-supervised Localisation via Radio-Visual Correspondence,5.6, 6.0, 1.0198039027185568, 6, 4, 4, 3, 6, 3, 5, 4, 7, 4
PeRFception: Perception using Radiance Fields,6.5, 6.5, 0.5, 7, 3, 6, 4, 6, 4, 6, 3, 7, 4, 7, 4
Nocturne: a scalable driving benchmark for bringing multi-agent learning one step closer to the real world,6.25, 6.0, 1.0897247358851685, 6, 2, 5, 4, 8, 2, 6, 4
FACT: Learning Governing Abstractions Behind Integer Sequences,6.833333333333333, 7.0, 1.7716909687891083, 10, 3, 7, 4, 7, 4, 7, 4, 6, 4, 4, 4
A Survey and Datasheet Repository of Publicly Available US Criminal Justice Datasets,6.333333333333333, 6.0, 0.7453559924999298, 6, 4, 6, 3, 6, 3, 8, 4, 6, 4, 6, 3
An Empirical Deep Dive into Deep Learning's Driving Dynamics,5.2, 5.0, 0.9797958971132712, 5, 3, 5, 3, 5, 2, 7, 3, 4, 4
bank-account-fraud: Tabular Dataset(s) for Fraud Detection under Multiple Bias Conditions,5.833333333333333, 6.0, 0.6871842709362768, 7, 3, 6, 4, 6, 4, 5, 3, 6, 4, 5, 4
Creating Variants of Freebase for Robust Development of Intelligent Tasks on Knowledge Graphs,4.333333333333333, 4.5, 1.1055415967851332, 3, 5, 3, 3, 5, 3, 4, 2, 5, 2, 6, 2
GraphFramEx: Towards Systematic Evaluation of Explainability Methods for Graph Neural Networks,4.833333333333333, 5.0, 1.5723301886761005, 6, 5, 4, 3, 5, 5, 5, 3, 2, 4, 7, 3
AutoWS-Bench-101: Benchmarking Automated Weak Supervision with 100 Labels,6.5, 7.0, 0.7637626158259734, 5, 3, 7, 4, 7, 2, 6, 3, 7, 4, 7, 3
Deep Learning-based Code Complexity Prediction,5.4, 5.0, 1.3564659966250536, 7, 3, 7, 5, 5, 3, 4, 3, 4, 3
SATBench: Benchmarking the speed-accuracy tradeoff in object recognition by humans and dynamic neural networks,6.25, 6.0, 0.4330127018922193, 7, 3, 6, 3, 6, 4, 6, 4
PRIDE: A benchmark for structure-guided protein design evaluation,4.0, 3.5, 1.4142135623730951, 4, 4, 3, 4, 7, 4, 3, 4, 4, 4, 3, 4
mRI: Multi-modal 3D Human Pose Estimation Dataset using mmWave RGB-D and Inertial Sensors,6.4, 6.0, 0.4898979485566356, 6, 5, 6, 4, 7, 3, 6, 4, 7, 5
Mr. Right: Multimodal Retrieval on Representation of ImaGe witH Text,5.5, 5.0, 1.118033988749895, 5, 4, 5, 3, 5, 4, 8, 4, 5, 3, 5, 3
How hard are computer vision datasets? Calibrating dataset difficulty to viewing time,6.333333333333333, 6.5, 0.7453559924999299, 7, 3, 7, 4, 6, 3, 6, 3, 7, 4, 5, 5
Offline Reinforcement Learning with Crowd-sourced Rewards,5.0, 5.0, 0.816496580927726, 4, 3, 6, 3, 5, 3, 4, 4, 5, 3, 6, 4
Critically Assessing the State of the Art in Neural Network Verification,4.666666666666667, 4.5, 1.1055415967851332, 3, 4, 4, 4, 5, 3, 4, 4, 6, 2, 6, 2
Silicodata: A chest X-ray Dataset for Silicosis Detection,5.2, 5.0, 0.7483314773547882, 6, 3, 6, 3, 5, 4, 4, 4, 5, 4
ViSioNS: Visual Search in Natural Scenes Benchmark,6.4, 7.0, 0.7999999999999999, 6, 4, 5, 3, 7, 4, 7, 2, 7, 3
NovelCraft: A Dataset for Novelty Detection and Discovery in Open Worlds,6.0, 6.0, 1.0954451150103321, 7, 3, 7, 3, 6, 4, 6, 3, 4, 4
A Large Scale Realistic Benchmark for Individual Treatment Effect Prediction and Uplift Modeling,5.8, 6.0, 0.7483314773547882, 7, 4, 5, 4, 6, 3, 6, 2, 5, 4
Benchmarking Approximate k-Nearest Neighbour Search for Big High Dimensional Dynamic Data,4.5, 4.0, 0.7637626158259734, 4, 3, 5, 3, 6, 4, 4, 3, 4, 4, 4, 4
KAIST-MTMC: A New Large-Scale Multi-Target Multiple Camera Tracking Benchmark,6.666666666666667, 7.0, 0.9428090415820632, 7, 4, 5, 5, 7, 3, 8, 4, 6, 5, 7, 5
EmoWild: Building an In-the-Wild Non-Cognizant Image Emotion Dataset,3.8, 4.0, 0.7483314773547882, 4, 4, 5, 4, 4, 4, 3, 5, 3, 5
TweetNERD - End to End Entity Linking Benchmark for Tweets,6.6, 7.0, 1.0198039027185568, 7, 5, 5, 3, 7, 4, 6, 4, 8, 4
The Sandbox Environment for Generalizable Agent Research (SEGAR),4.666666666666667, 4.5, 1.1055415967851332, 3, 3, 4, 4, 6, 3, 6, 4, 4, 3, 5, 3
StarCraftSensor: An Accessible and Interpretable Sensor Network Benchmark Dataset,6.0, 6.0, 0.8944271909999159, 5, 2, 5, 3, 7, 4, 7, 3, 6, 4
A New Aligned Simple German Corpus,6.0, 7.0, 1.7888543819998317, 5, 3, 8, 4, 3, 5, 7, 4, 7, 4
A Surrogate Model Benchmark for Dynamic Climate Impact Models,5.0, 5.0, 1.0954451150103321, 7, 3, 5, 3, 5, 2, 4, 3, 4, 2
Shifts 2.0: Extending The Dataset of Real Distributional Shifts,5.833333333333333, 6.0, 1.0671873729054746, 4, 3, 7, 4, 7, 4, 6, 3, 6, 3, 5, 4
How Would The Viewer Feel? Estimating Wellbeing From Video Scenarios,8.0, 8.0, 0.816496580927726, 9, 4, 8, 4, 7, 4
AD-NLP: A Benchmark for Anomaly Detection in Natural Language Processing,5.4, 5.0, 0.4898979485566356, 5, 3, 5, 3, 6, 3, 5, 3, 6, 5
Change Event Dataset for Discovery from Spatio-temporal Remote Sensing Imagery,7.2, 7.0, 0.7483314773547882, 8, 5, 7, 3, 8, 4, 6, 4, 7, 4
Flare7K: A Phenomenological Nighttime Flare Removal Dataset,6.4, 6.0, 1.0198039027185568, 8, 4, 7, 3, 6, 3, 6, 4, 5, 5
Social B(eye)as over Time: Dataset for Temporal Auditing of Image Tagging Algorithms,5.166666666666667, 5.0, 1.2133516482134197, 4, 4, 7, 3, 4, 4, 6, 5, 4, 4, 6, 4
Bagel: A Benchmark for Assessing Graph Neural Network Explanations,5.666666666666667, 6.0, 0.4714045207910317, 6, 3, 5, 4, 6, 3, 6, 3, 5, 3, 6, 3
Benchmarking and Analyzing 3D Human Pose and Shape Estimation Beyond Algorithms,5.5, 6.0, 1.707825127659933, 7, 3, 7, 4, 6, 4, 2, 5, 5, 4, 6, 4
K-Radar: 4D Radar Object Detection Dataset and Benchmark for Autonomous Driving in Various Weather Conditions,6.666666666666667, 6.5, 0.7453559924999298, 6, 4, 6, 4, 8, 5, 7, 5, 6, 4, 7, 5
Simulating Environments for Evaluating Scarce Resource Allocation Policies,5.0, 5.5, 1.224744871391589, 6, 3, 3, 3, 6, 3, 5, 2
SIMBA: Split Inference - Mechanisms Benchmarks and Attacks,4.0, 3.5, 1.4142135623730951, 3, 4, 4, 5, 3, 4, 3, 3, 7, 4, 4, 3
SDWPF: A Dataset for Spatial Dynamic Wind Power Forecasting Challenge at KDD Cup 2022,6.166666666666667, 6.0, 0.6871842709362768, 6, 4, 6, 4, 7, 4, 7, 5, 6, 5, 5, 3
A Dataset on Malicious Paper Bidding in Peer Review,5.5, 5.0, 1.5, 7, 4, 8, 4, 4, 4, 5, 4, 5, 4, 4, 5
MSDS: A Large-Scale Chinese Signature and Token Digit String Dataset for Handwrting Verification,6.6, 7.0, 1.0198039027185568, 8, 5, 7, 3, 5, 2, 7, 2, 6, 3
PROSPECT: Labeled Tandem Mass Spectrometry Dataset for Machine Learning in Proteomics,6.333333333333333, 7.5, 2.4267032964268394, 7, 4, 8, 4, 9, 3, 3, 3, 8, 4, 3, 4
WILD-SCAV: Benchmarking Deep Reinforcement Learning Algorithms in 3D Open-World Games,5.333333333333333, 5.0, 1.699673171197595, 7, 4, 8, 5, 3, 4, 5, 5, 4, 5, 5, 4
FedHPO-B: A Benchmark Suite for Federated Hyperparameter Optimization,6.333333333333333, 6.0, 0.4714045207910317, 7, 5, 6, 3, 6, 4, 7, 3, 6, 5, 6, 3
SurvBoard: Standardised Benchmarking for Multi-omics Cancer Survival Models,6.0, 6.0, 1.8973665961010275, 8, 3, 3, 4, 8, 3, 6, 4, 5, 4
ATVM: New Benchmarks for Accountable Text-based Visual Manipulation,5.5, 5.0, 1.6583123951777, 4, 4, 8, 4, 4, 4, 6, 3
Tenrec: A Large-scale Multipurpose Benchmark Dataset for Recommender Systems,6.5, 6.0, 0.7637626158259734, 8, 3, 7, 4, 6, 3, 6, 5, 6, 5, 6, 5
METS-CoV: A Dataset of Medical Entity and Targeted Sentiment on COVID-19 Related Tweets,6.6, 7.0, 1.3564659966250536, 7, 4, 7, 4, 7, 4, 8, 4, 4, 5
VeriDark: A Large-Scale Benchmark for Authorship Verification on the Dark Web,6.666666666666667, 7.0, 1.4907119849998596, 9, 3, 7, 4, 7, 3, 6, 4, 4, 2, 7, 3
PulseImpute: A Novel Benchmark Task for Physiological Signal Imputation,6.6, 6.0, 0.7999999999999999, 6, 3, 8, 3, 6, 4, 6, 3, 7, 4
DGraph: A Large-Scale Financial Dataset for Graph Anomaly Detection,6.5, 6.5, 0.9574271077563381, 6, 4, 8, 3, 7, 4, 6, 3, 5, 4, 7, 3
WOODS: Benchmarks for Out-of-Distribution Generalization in Time Series,5.833333333333333, 6.0, 1.0671873729054748, 5, 5, 6, 5, 4, 4, 6, 3, 7, 3, 7, 4
smallSSD: A semi-supervised detection dataset for agriculture,5.833333333333333, 5.5, 0.8975274678557507, 5, 3, 5, 4, 7, 4, 6, 3, 5, 3, 7, 5
LAION-5B: An open large-scale dataset for training next generation image-text models,8.333333333333334, 8.0, 0.4714045207910317, 9, 3, 9, 4, 8, 3, 8, 4, 8, 4, 8, 4
BOSS: A Benchmark for Human Belief Prediction in Object-context Scenarios,5.166666666666667, 5.5, 1.6749792701868151, 3, 5, 6, 4, 7, 3, 7, 3, 3, 3, 5, 3
UltraMNIST Classification: A Benchmark to Train CNNs for Very Large Images,6.0, 7.0, 1.4142135623730951, 7, 4, 4, 5, 7, 4
TGEA 2.0: A Large-Scale Diagnostically Annotated Dataset with Benchmark Tasks for Text Generation of Pretrained Language Models,6.833333333333333, 7.0, 0.6871842709362768, 7, 4, 8, 3, 6, 4, 6, 3, 7, 4, 7, 4
D-LORD: DYSL-AI Database for Low-Resolution Disguised Face Recognition,6.0, 6.0, 1.0954451150103321, 6, 3, 8, 5, 5, 3, 6, 3, 5, 5
Multimodal Lecture Presentations Dataset: Understanding Multimodality in Educational Slides,6.833333333333333, 7.0, 0.6871842709362768, 7, 4, 7, 3, 8, 4, 6, 4, 7, 3, 6, 4
Measuring Novel API Use in Program Synthesis,5.666666666666667, 6.0, 0.9428090415820632, 7, 3, 4, 4, 6, 4, 5, 3, 6, 4, 6, 2
Vote'n'Rank: Revision of Benchmarking with Social Choice Theory,5.333333333333333, 5.5, 1.1055415967851332, 7, 5, 5, 3, 6, 3, 6, 3, 4, 5, 4, 5
DongTing: A Large-scale Dataset for Anomaly Detection of the Linux Kernel,5.5, 6.0, 0.7637626158259734, 6, 3, 5, 3, 6, 3, 6, 2, 4, 4, 6, 5
CEDe: A collection of expert-curated datasets with atom-level entity annotations for Optical Chemical Structure Recognition,6.0, 5.5, 1.1547005383792515, 5, 4, 8, 4, 6, 4, 7, 4, 5, 4, 5, 3
TwiBot-22: Towards Graph-Based Twitter Bot Detection,6.833333333333333, 7.0, 0.372677996249965, 7, 4, 6, 3, 7, 4, 7, 4, 7, 4, 7, 4
TempEL: Linking Dynamically Evolving and Newly Emerging Entities,7.5, 7.5, 0.9574271077563381, 6, 4, 8, 4, 9, 3, 7, 4, 7, 3, 8, 3
RuDar: Weather Radar Dataset for Precipitation Nowcasting with Geographical and Seasonal Variability,6.0, 7.0, 2.160246899469287, 8, 5, 3, 4, 7, 3
ConfLab: A Rich Multimodal Multisensor Dataset of Free-Standing Social Interactions In-the-Wild,6.6, 7.0, 1.0198039027185568, 8, 4, 6, 3, 7, 2, 5, 3, 7, 4
SAIC-IS: A Benchmark for High-Resolution Interactive Image Segmentation,6.0, 5.0, 1.5118578920369088, 8, 4, 8, 3, 5, 4, 5, 4, 4, 4, 5, 4, 7, 3
TextileNet: A Material Taxonomy-based Fashion Textile Dataset,6.0, 6.0, 1.4142135623730951, 7, 4, 8, 4, 7, 4, 5, 5, 4, 3, 5, 3
Benchmarking Heterogeneous Treatment Effect Models through the Lens of Interpretability,6.833333333333333, 7.0, 0.6871842709362768, 7, 5, 6, 3, 6, 4, 8, 3, 7, 3, 7, 3
Multilingual Abusive Comment Detection at Scale for Indic Languages,6.2, 6.0, 1.16619037896906, 5, 5, 7, 3, 8, 5, 6, 3, 5, 5
The BigScience Corpus A 1.6TB Composite Multilingual Dataset,7.833333333333333, 7.5, 1.3437096247164249, 8, 4, 7, 4, 9, 4, 6, 4, 7, 3, 10, 4
SCERL: A Text-based Safety Benchmark for Reinforcement Learning Problems,5.5, 5.0, 1.5, 5, 4, 7, 4, 8, 3, 4, 4, 4, 3, 5, 4
BLOX: Macro Neural Architecture Search Benchmark and Algorithms,6.4, 6.0, 0.48989794855663565, 7, 3, 6, 4, 7, 4, 6, 3, 6, 4
VISUALHANDICAPS: Systematic Handicaps for Text-based Games,5.5, 6.0, 1.9790570145063195, 8, 4, 7, 4, 7, 3, 3, 4, 5, 4, 3, 3
AutoRL-Bench 1.0,4.666666666666667, 4.0, 1.699673171197595, 7, 3, 3, 5, 7, 3, 4, 5, 4, 3, 3, 5
UniFed: A Benchmark for Federated Learning Frameworks,5.0, 5.0, 1.0690449676496976, 5, 4, 5, 5, 3, 5, 6, 3, 6, 4, 4, 4, 6, 3
A Benchmark for Federated Hetero-Task Learning,4.5, 5.0, 1.2583057392117916, 5, 3, 4, 4, 5, 4, 2, 4, 6, 4, 5, 3
Benchmark Dataset for Precipitation Forecasting by Post-Processing the Numerical Weather Prediction,5.833333333333333, 6.0, 0.6871842709362768, 6, 2, 5, 3, 5, 2, 6, 4, 7, 3, 6, 3
Model-Agnostic Label Quality Scoring to Detect Real-World Label Errors,6.2, 5.0, 1.9390719429665317, 4, 4, 8, 4, 9, 4, 5, 4, 5, 4
Towards Human-Level Bimanual Dexterous Manipulation with Reinforcement Learning,6.833333333333333, 7.0, 0.37267799624996495, 7, 4, 7, 3, 7, 4, 6, 4, 7, 5, 7, 5
Unravelling the Performance of Physics-informed Graph Neural Networks for Dynamical Systems,6.5, 7.0, 0.8660254037844386, 7, 3, 7, 2, 5, 2, 7, 4
Pile of Law: Learning Responsible Data Filtering from the Law and a 256GB Open-Source Legal Dataset,7.0, 7.5, 1.224744871391589, 7, 3, 8, 3, 8, 4, 5, 3
DailyTalk: Spoken Dialogue Dataset for Conversational Text-to-Speech,4.666666666666667, 4.0, 0.9428090415820634, 6, 4, 6, 2, 4, 4, 4, 4, 4, 4, 4, 4
HAPI: A Large-scale Longitudinal Dataset of Commercial ML API Predictions,7.25, 7.5, 0.82915619758885, 7, 3, 8, 4, 8, 4, 6, 4
FedGraphNN: A Federated Learning Benchmark System for Graph Neural Networks,4.833333333333333, 4.5, 0.8975274678557507, 5, 4, 4, 4, 6, 4, 4, 5, 4, 4, 6, 4
DC-BENCH: Dataset Condensation Benchmark,6.0, 6.0, 1.4142135623730951, 8, 2, 5, 4, 5, 4, 7, 3, 7, 3, 4, 3
ELEVATER: A Benchmark and Toolkit for Evaluating Language-Augmented Visual Models,6.8, 7.0, 0.39999999999999997, 7, 4, 7, 3, 6, 4, 7, 3, 7, 3
MVP-N: A Dataset and Benchmark for Real-World Multi-View Object Classification,6.333333333333333, 6.0, 0.4714045207910317, 6, 2, 7, 3, 6, 4
OpenSRH: optimizing brain tumor surgery using intraoperative stimulated Raman histology,6.666666666666667, 7.0, 2.2110831935702664, 9, 4, 9, 4, 6, 4, 5, 3, 8, 4, 3, 4
DABS 2.0: Improved Datasets and Algorithms for Universal Self-Supervision,6.2, 6.0, 1.32664991614216, 6, 4, 6, 5, 8, 2, 7, 4, 4, 3
The StarCraft Multi-Agent Challenges$^{+}$ : Learning Multi-Stage Tasks and Environmental Factors without Precise Reward Functions,5.4, 5.0, 1.0198039027185568, 4, 5, 5, 5, 5, 4, 6, 3, 7, 4
EHRSQL: A Practical Text-to-SQL Benchmark for Electronic Health Records,8.2, 8.0, 1.16619037896906, 7, 3, 8, 5, 7, 4, 10, 5, 9, 3
HandMeThat: Human-Robot Communication in Physical and Social Environments,6.166666666666667, 6.0, 0.6871842709362768, 6, 4, 7, 4, 5, 4, 6, 3, 6, 3, 7, 3
CLEVRER-Humans: Describing Physical and Causal Events the Human Way,6.333333333333333, 7.0, 1.699673171197595, 8, 4, 7, 4, 7, 3, 4, 3, 4, 5, 8, 4
Multi-LexSum: Real-world Summaries of Civil Rights Lawsuits at Multiple Granularities,7.2, 7.0, 1.32664991614216, 7, 4, 7, 3, 5, 5, 9, 4, 8, 4
FixEval: Execution-based Evaluation of Program Fixes for Competitive Programming Problems,5.166666666666667, 5.5, 0.8975274678557507, 5, 4, 4, 3, 6, 4, 6, 3, 4, 4, 6, 5
PGB: A PubMed Graph Benchmark for Heterogeneous Network Representation Learning,5.6, 6.0, 1.0198039027185568, 7, 3, 6, 3, 4, 4, 6, 3, 5, 3
Avalon: A Benchmark for RL Generalization Using Procedurally Generated Worlds,8.0, 8.0, 0.0, 8, 4, 8, 4, 8, 4, 8, 4, 8, 4, 8, 3
Stance in Replies and Quotes (SRQ): A New Dataset For Learning Stance in Spanish Twitter Conversations,6.0, 6.0, 0.6324555320336759, 5, 3, 7, 4, 6, 4, 6, 4, 6, 4
Offline Equilibrium Finding,4.8, 5.0, 0.7483314773547882, 6, 2, 5, 4, 4, 4, 4, 4, 5, 4
BigBIO: A Framework for Data-Centric Biomedical Natural Language Processing,7.25, 7.0, 0.4330127018922193, 7, 3, 8, 3, 7, 4, 7, 3
FGAVE: A Dataset for Fine-Grained Audio-Visual Event Localization,4.333333333333333, 4.0, 0.7453559924999298, 4, 3, 4, 3, 4, 4, 4, 2, 4, 5, 6, 3
OpenFWI: Large-scale Multi-structural Benchmark Datasets for Full Waveform Inversion,7.5, 7.0, 0.7637626158259734, 7, 3, 7, 3, 9, 4, 7, 3, 7, 3, 8, 2
XDailyDialog: A Multilingual Parallel Corpus for Chit-chat,5.166666666666667, 5.0, 1.0671873729054746, 6, 3, 4, 4, 5, 4, 7, 4, 4, 4, 5, 5
Communicating Natural Programs to Humans and Machines,7.166666666666667, 7.0, 0.6871842709362768, 6, 4, 7, 4, 8, 4, 7, 2, 7, 2, 8, 4
Benchmarking Safe Policy Optimization for Constrained Reinforcement Learning,6.0, 6.0, 1.2909944487358056, 7, 4, 4, 5, 5, 3, 6, 5, 6, 4, 8, 3
Ontologue: Declarative Benchmark Construction for Ontological Multi-Label Classification,7.2, 7.0, 1.16619037896906, 6, 4, 8, 4, 7, 3, 9, 5, 6, 2
Towards an Ideal Methodological Data Repository: Lessons and Recommendations,5.166666666666667, 5.0, 0.37267799624996495, 5, 5, 5, 2, 5, 3, 5, 4, 5, 4, 6, 3
MVIndEmo: A Dataset for Micro-video Public Induced Emotion Prediction on Social Media,3.6, 4.0, 0.4898979485566356, 3, 4, 4, 3, 3, 5, 4, 3, 4, 3
DeepPatent2: A Large-Scale Benchmarking Corpus for Technical Drawing Understanding,5.2, 5.0, 1.32664991614216, 5, 5, 7, 3, 5, 3, 3, 3, 6, 4
Developing a Series of AI Challenges for the United States Department of the Air Force,4.0, 4.0, 0.5773502691896257, 4, 3, 3, 4, 4, 3, 4, 4, 5, 3, 4, 3
A Comprehensive Study on Large-Scale Graph Training: Benchmarking and Rethinking,6.5, 6.0, 0.7637626158259734, 6, 4, 8, 4, 6, 4, 7, 3, 6, 4, 6, 4
M4Singer: a Multi-Style Multi-Singer and Musical Score Provided Mandarin Singing Corpus,6.166666666666667, 6.0, 1.2133516482134197, 4, 5, 6, 3, 6, 3, 7, 3, 8, 4, 6, 3
WinoGAViL: Gamified Association Benchmark to Challenge Vision-and-Language Models,7.2, 7.0, 0.9797958971132712, 7, 4, 7, 4, 7, 3, 9, 4, 6, 5
Benchmarking Machine Learning Robustness in Covid-19 Genome Sequence Classification,4.6, 5.0, 1.0198039027185568, 6, 4, 4, 4, 3, 4, 5, 3, 5, 2
Ambiguous Images With Human Judgments for Robust Visual Event Classification,6.666666666666667, 7.0, 1.247219128924647, 4, 3, 7, 4, 7, 3, 7, 3, 7, 4, 8, 4
CityLifeSim: A High-Fidelity Pedestrian and Vehicle Simulation with Complex Behaviors,4.25, 4.0, 0.4330127018922193, 5, 4, 4, 3, 4, 5, 4, 4
Common Corruption Robustness of Point Cloud Detectors: Benchmark and Enhancement,5.833333333333333, 6.0, 0.6871842709362768, 7, 5, 6, 3, 5, 5, 6, 3, 6, 3, 5, 5
Lesion size matters: A validation dataset for melanoma detection,5.2, 5.0, 1.469693845669907, 5, 5, 8, 3, 4, 4, 5, 3, 4, 3
Evaluating Self-Supervised Learning for Molecular Graph Embeddings,4.833333333333333, 6.0, 2.034425935955617, 2, 4, 7, 4, 2, 4, 6, 4, 6, 3, 6, 4
ACNet: A Benchmark for Activity Cliff Prediction,5.666666666666667, 6.0, 1.699673171197595, 3, 4, 8, 4, 6, 4, 6, 4, 7, 5, 4, 4
XLCoST: A Benchmark Dataset for Cross-lingual Code Intelligence,4.5, 4.0, 2.362907813126304, 2, 4, 3, 4, 5, 4, 8, 4, 7, 3, 2, 5
A Large-Scale Annotated Multivariate Time Series Aviation Maintenance Dataset from the NGAFID,4.285714285714286, 4.0, 1.0301575072754257, 5, 3, 3, 4, 6, 1, 3, 4, 4, 3, 4, 4, 5, 4
NAS-Bench-360: Benchmarking Neural Architecture Search on Diverse Tasks,5.6, 6.0, 0.4898979485566356, 6, 3, 6, 3, 5, 5, 6, 4, 5, 4
A Weakly Supervised Learning Dataset for Research Replication Prediction,5.0, 6.0, 1.5275252316519468, 6, 3, 6, 3, 6, 3, 4, 4, 6, 4, 2, 4
A Dataset and Benchmark for Automatically Answering and Generating Machine Learning Final Exams,5.25, 4.5, 1.6393596310755, 4, 3, 5, 3, 8, 3, 4, 3
jazzNet: An Open-Source Dataset of Fundamental Piano Patterns for Machine Learning Research in Music,5.5, 4.5, 2.217355782608345, 3, 4, 4, 1, 9, 3, 4, 3, 5, 3, 8, 4
A Large Scale Dataset for Image Restoration,5.0, 5.0, 1.2909944487358056, 7, 5, 6, 4, 5, 5, 5, 4, 3, 5, 4, 4
Taxonomy of Benchmarks in Graph Representation Learning,6.25, 6.5, 0.82915619758885, 5, 4, 6, 4, 7, 4, 7, 4
Code4ML: a Large-scale Dataset of annotated Machine Learning Code,4.6, 5.0, 1.019803902718557, 5, 4, 4, 5, 3, 3, 5, 4, 6, 4
A Benchmark for Modeling Violation-of-Expectation in Physical Reasoning Across Event Categories,6.0, 6.0, 1.5275252316519468, 7, 4, 3, 4, 6, 3, 6, 4, 8, 3, 6, 3
StrokeRehab: A Benchmark Dataset for Sub-second Action Identification,6.0, 6.0, 1.0, 4, 4, 6, 4, 7, 3, 6, 3, 6, 3, 7, 3
pFL-Bench: A Comprehensive Benchmark for Personalized Federated Learning,6.285714285714286, 6.0, 0.6998542122237652, 6, 4, 6, 4, 7, 4, 7, 3, 6, 3, 5, 4, 7, 3
ESTA: An Esports Trajectory and Action Dataset,5.4, 5.0, 1.0198039027185568, 5, 3, 4, 4, 5, 3, 7, 5, 6, 2
Iterative Vision-and-Language Navigation,6.2, 6.0, 0.9797958971132712, 6, 3, 6, 4, 8, 3, 6, 3, 5, 4
HYPE-C: Evaluating Image Completion Models Through Standardized Crowdsourcing,6.0, 6.5, 1.224744871391589, 7, 2, 6, 4, 7, 4, 4, 4
NAS-Bench-Graph: Benchmarking Graph Neural Architecture Search,6.166666666666667, 6.5, 1.343709624716425, 5, 4, 6, 3, 8, 4, 4, 4, 7, 2, 7, 5
GOOD: A Graph Out-of-Distribution Benchmark,6.0, 6.0, 0.0, 6, 4, 6, 3, 6, 3, 6, 4, 6, 3, 6, 3
TAP-Vid: A Benchmark for Tracking Any Point in a Video,7.333333333333333, 7.0, 1.3743685418725535, 9, 4, 5, 4, 7, 4, 7, 3, 9, 3, 7, 5
AppraiSet: Discussions on a New Art Dataset,5.0, 5.0, 1.7888543819998317, 7, 4, 5, 4, 3, 5, 3, 4, 7, 2
A new dataset for multilingual keyphrase generation,6.0, 6.0, 1.5275252316519468, 6, 3, 6, 3, 4, 4, 9, 4, 5, 3, 6, 4
SMPL: Simulated Industrial Manufacturing and Process Control Learning Environments,6.2, 7.0, 1.16619037896906, 7, 3, 7, 4, 4, 4, 7, 4, 6, 4
OpenFilter: A Framework to Democratize Research Access to Social Media AR Filters,7.142857142857143, 7.0, 1.8844151368961313, 9, 4, 7, 4, 7, 3, 9, 3, 7, 4, 3, 4, 8, 4
DetectBench: An Object Detection Benchmark for OOD Generalization Algorithms,5.4, 5.0, 1.3564659966250536, 7, 3, 4, 5, 5, 5, 7, 3, 4, 4
KOLOMVERSE: An open large-scale image dataset for object detection in the maritime universe,5.333333333333333, 5.0, 1.4907119849998596, 4, 4, 8, 3, 4, 4, 4, 4, 6, 4, 6, 3
Urban Scene Understanding via Hyperspectral Images: Dataset and Benchmark,5.166666666666667, 5.5, 0.8975274678557507, 6, 4, 4, 4, 4, 4, 6, 4, 5, 4, 6, 3
CARLANE: A Lane Detection Benchmark for Unsupervised Domain Adaptation from Simulation to multiple Real-World Domains,6.666666666666667, 7.0, 0.4714045207910317, 7, 4, 6, 4, 7, 2
Neuro-Symbolic Action Planning: A Benchmark for Visual and Manipulation Reasoning,5.333333333333333, 5.5, 0.7453559924999298, 5, 5, 6, 3, 6, 3, 4, 3, 5, 5, 6, 3
Benchmark of Deep Active Learning: A Deep Active Learning Toolkit and A Comparative Survey,4.6, 5.0, 1.624807680927192, 5, 3, 7, 5, 5, 3, 4, 4, 2, 5
GTAV-NightRain: Photometric Realistic Large-scale Dataset for Night-time Rain Streak Removal,4.8, 5.0, 0.9797958971132712, 6, 4, 3, 4, 5, 5, 5, 5, 5, 4
Never mind the metrics---what about the uncertainty? Visualising confusion matrix metric distributions,6.8, 7.0, 0.9797958971132712, 7, 4, 7, 4, 8, 4, 5, 3, 7, 3
Dungeons and Data: A Large-Scale NetHack Dataset,7.166666666666667, 7.0, 0.6871842709362768, 7, 4, 7, 4, 6, 4, 7, 4, 8, 4, 8, 3
A Greek Parliament Proceedings Dataset for Computational Linguistics and Political Analysis,6.166666666666667, 6.5, 1.0671873729054746, 4, 3, 6, 4, 7, 4, 6, 3, 7, 3, 7, 3
Collection and Evaluation of a Multitask Video-Based Drawing Dataset,4.6, 5.0, 0.48989794855663565, 4, 3, 5, 3, 4, 4, 5, 2, 5, 3
Realistic Large-Scale Fine-Depth Dehazing Dataset from 3D Videos,4.75, 5.0, 1.0897247358851685, 3, 4, 5, 4, 6, 4, 5, 4
Driver Dojo: A Benchmark for Generalizable Reinforcement Learning for Autonomous Driving,5.2, 5.0, 0.7483314773547882, 4, 3, 5, 4, 6, 4, 5, 4, 6, 2
Human-Centric Visual Diversity Auditing,4.8, 5.0, 0.39999999999999997, 5, 3, 4, 5, 5, 3, 5, 3, 5, 3
IKEA-Manual: Seeing Shape Assembly Step by Step,6.333333333333333, 6.5, 0.7453559924999298, 6, 3, 7, 3, 5, 5, 6, 3, 7, 4, 7, 3
Neural Protein Ligand Docking: Dataset and Evaluation,4.0, 4.0, 1.2909944487358056, 4, 5, 2, 5, 4, 5, 6, 3, 5, 4, 3, 5
RefIndoor: An RGB-D Visual Grounding Dataset with Cluttered Indoor Scenes for Robotics,4.0, 4.0, 0.6324555320336759, 4, 5, 5, 4, 4, 3, 3, 3, 4, 4
An Empirical Study of Personalized Federated Learning,4.2, 4.0, 0.39999999999999997, 4, 5, 5, 4, 4, 5, 4, 5, 4, 4
Planet-CR: A Multi-Modal and Multi-Resolution Dataset for Cloud Removal in High Resolution Optical Remote Sensing Imagery,4.75, 4.5, 1.479019945774904, 4, 5, 5, 3, 7, 3, 3, 5
How Well Do Unsupervised Learning Algorithms Model Human Real-time and Life-long Learning?,6.4, 7.0, 0.8, 6, 3, 7, 3, 7, 2, 7, 4, 5, 4
Hard ImageNet: Segmentations for Objects with Strong Spurious Cues,6.2, 6.0, 0.7483314773547882, 7, 4, 6, 2, 7, 3, 5, 4, 6, 3
On the Transferability of Visual Features in Generalized Zero-Shot Learning,4.8, 5.0, 0.7483314773547882, 5, 3, 4, 4, 5, 3, 6, 4, 4, 2
SurDis: A Surface Discontinuity Dataset for Wearable Technology to Assist Blind Navigation in Urban Environments,6.666666666666667, 7.0, 0.4714045207910317, 7, 4, 6, 3, 7, 4, 7, 4, 7, 3, 6, 4
BenMO: Benchmarking predictive machine learning algorithms using MultiOmics data,4.4, 5.0, 1.2, 5, 3, 3, 4, 3, 4, 6, 2, 5, 3
NeoRL: A Near Real-World Benchmark for Offline Reinforcement Learning,7.4, 7.0, 1.624807680927192, 10, 5, 7, 4, 7, 4, 5, 4, 8, 3
Towards Video Text Visual Question Answering: Benchmark and Baseline,6.0, 6.0, 0.816496580927726, 7, 4, 6, 5, 5, 4
ADBench: Anomaly Detection Benchmark,6.833333333333333, 7.0, 0.6871842709362768, 6, 4, 7, 4, 7, 3, 6, 3, 8, 4, 7, 2
Benchmarking Robustness of 3D Point Cloud Recognition against Common Corruptions,5.166666666666667, 5.0, 0.6871842709362768, 4, 5, 6, 4, 5, 4, 6, 3, 5, 4, 5, 4
USB: A Unified Semi-supervised Learning Benchmark,6.666666666666667, 7.0, 0.4714045207910317, 7, 3, 7, 3, 6, 4, 6, 3, 7, 4, 7, 4
CLiMB: A Continual Learning Benchmark for Vision-and-Language Tasks,6.0, 6.0, 1.0, 7, 4, 4, 5, 6, 4, 7, 5, 6, 4, 6, 2
Open-vocabulary Attribute Detection,5.833333333333333, 5.0, 1.4624940645653537, 5, 3, 6, 4, 5, 3, 5, 4, 9, 3, 5, 4
Kantorovich Strikes Back! Wasserstein GANs are not Optimal Transport?,7.0, 7.0, 0.5773502691896257, 7, 3, 7, 3, 7, 2, 7, 4, 8, 2, 6, 2
Breaking Bad: A Dataset for Geometric Fracture and Reassembly,7.2, 7.0, 1.32664991614216, 5, 4, 7, 4, 9, 4, 8, 3, 7, 2
The ArtBench Dataset: Benchmarking Generative Models with Artworks,5.5, 5.5, 0.5, 6, 4, 5, 3, 5, 4, 5, 4, 6, 4, 6, 3
Parse Semantics from Geometry: A Remote Sensing Benchmark for Multi-modal Semantic Segmentation,5.5, 5.5, 1.118033988749895, 4, 3, 5, 4, 6, 4, 7, 3
TaiSu: A 166M Large-scale High-Quality Dataset for Chinese Vision-Language Pre-training,7.2, 7.0, 0.9797958971132712, 6, 3, 7, 4, 9, 4, 7, 3, 7, 4
BackdoorBench: A Comprehensive Benchmark of Backdoor Learning,7.0, 7.0, 1.6733200530681511, 7, 3, 7, 4, 8, 5, 4, 4, 9, 3
SMART-Rain: A Degradation Evaluation Dataset for Autonomous Driving in Rain,4.666666666666667, 4.5, 0.7453559924999298, 4, 5, 4, 4, 4, 4, 6, 4, 5, 4, 5, 4
SMACv2: A New Benchmark for Cooperative Multi-Agent Reinforcement Learning,4.666666666666667, 5.0, 0.4714045207910317, 4, 4, 5, 4, 5, 4
Do We Need Another Explainable AI Method? Toward Unifying Post-hoc XAI Evaluation Methods into an Interactive and Multi-dimensional Benchmark,5.8, 6.0, 0.7483314773547882, 5, 4, 7, 4, 6, 3, 6, 5, 5, 4
Ishihara MNIST: Is Machine Learning Color Blind?,4.666666666666667, 5.0, 0.4714045207910317, 5, 3, 5, 3, 4, 4, 5, 4, 4, 3, 5, 3
ImgFact: Triplet Fact Grounding on Images,5.8, 5.0, 0.9797958971132712, 5, 3, 7, 3, 7, 3, 5, 3, 5, 4
All the World's a (Hyper)Graph: A Data Drama,4.833333333333333, 4.5, 1.3437096247164249, 4, 3, 5, 3, 3, 3, 4, 4, 6, 4, 7, 3
HAIR: A Dataset of Historic Aerial Images of Riverscapes for Semantic Segmentation,5.666666666666667, 6.0, 0.4714045207910317, 6, 4, 5, 4, 6, 2, 5, 3, 6, 4, 6, 3
CBLab: A Platform for Large Scale Traffic Simulation Using Real World Traffic Data,5.4, 5.0, 0.4898979485566356, 6, 4, 5, 3, 5, 4, 5, 5, 6, 4
CodeS: A Distribution Shift Benchmark Dataset for Source Code Learning,5.333333333333333, 5.5, 0.7453559924999298, 6, 2, 4, 4, 5, 4, 6, 4, 5, 3, 6, 4
Before and After Pseudoscience: An Empirical Challenge to Social Classification using Facial Recognition,4.833333333333333, 4.0, 2.1147629234082532, 3, 3, 3, 5, 9, 4, 4, 4, 6, 3, 4, 4
Pythae: Unifying Generative Autoencoders in Python - A Benchmarking Use Case,6.75, 7.0, 0.4330127018922193, 7, 3, 7, 5, 7, 3, 6, 4
The Surprising Effectiveness of PPO in Cooperative Multi-Agent Games,5.666666666666667, 5.5, 1.1055415967851332, 6, 4, 5, 4, 4, 5, 7, 4, 7, 4, 5, 4
CAESAR: An Embodied Simulator for Generating Multimodal Referring Expression Datasets,6.666666666666667, 7.0, 0.9428090415820632, 5, 4, 6, 3, 8, 4, 7, 4, 7, 4, 7, 3
DIVOTrack: A Cross-View Dataset for Multi-Human Tracking in DIVerse Open Scenes,4.6, 5.0, 0.4898979485566356, 4, 4, 5, 3, 5, 3, 5, 5, 4, 5
Long Range Graph Benchmark,6.0, 6.5, 1.1547005383792515, 5, 4, 4, 4, 7, 5, 6, 4, 7, 4, 7, 4
AirfoilRANS: High Fidelity Computational Fluid Dynamics Dataset for Approximating Reynolds-Averaged-Navierâ€“Stokes Solutions,6.8, 7.0, 0.7483314773547882, 6, 3, 8, 2, 7, 3, 7, 3, 6, 3
Benchmarking Node Outlier Detection on Graphs,6.5, 6.5, 0.5, 6, 4, 7, 4, 7, 5, 6, 4, 6, 5, 7, 4
Beyond Real-world Benchmark Datasets: An Empirical Study of Node Classification with GNNs,6.166666666666667, 6.0, 1.0671873729054746, 6, 4, 8, 4, 5, 3, 7, 3, 5, 4, 6, 4
The MABe22 Benchmarks for Representation Learning of Multi-Agent Behavior,5.333333333333333, 6.0, 0.9428090415820634, 4, 5, 6, 2, 6, 5
SoundSpaces 2.0: A Simulation Platform for Visual-Acoustic Learning,7.0, 7.0, 0.0, 7, 4, 7, 3, 7, 4, 7, 4, 7, 4, 7, 2
GLOBEM: Multi-Year Datasets for Longitudinal Human Behavior Modeling Generalization,6.571428571428571, 7.0, 0.9035079029052513, 6, 3, 7, 4, 5, 4, 6, 3, 7, 3, 8, 3, 7, 4
Meta-Album: Multi-domain Meta-Dataset for Few-Shot Image Classification,7.2, 7.0, 0.39999999999999997, 7, 4, 7, 3, 8, 3, 7, 3, 7, 4
LIPS - Learning Industrial Physical Simulation benchmark suite,5.5, 5.5, 1.118033988749895, 6, 2, 4, 3, 7, 3, 5, 2
A Benchmark for Explaining Counterfactual Explainers,5.4, 5.0, 1.0198039027185568, 7, 4, 6, 3, 4, 3, 5, 5, 5, 4
Model Zoo: A Dataset of Diverse Populations of Neural Network Models,6.166666666666667, 6.5, 1.0671873729054748, 7, 3, 6, 4, 7, 4, 4, 3, 7, 3, 6, 1
Fighting FIRe with FIRE: Assessing the Validity of Text-to-Video Retrieval Benchmarks,5.833333333333333, 6.0, 0.372677996249965, 6, 4, 6, 4, 5, 3, 6, 4, 6, 3, 6, 3
GriddlyJS: A Web IDE for Reinforcement Learning,6.833333333333333, 7.0, 0.6871842709362768, 7, 3, 8, 3, 6, 4, 7, 2, 7, 4, 6, 3
JAHS-Bench-201: A Foundation For Research On Joint Architecture And Hyperparameter Search,8.0, 8.0, 0.8944271909999159, 9, 4, 9, 4, 7, 3, 7, 4, 8, 5
OccGen: Selection of Real-world Multilingual Parallel Data Balanced in Gender within Occupations,5.0, 5.0, 1.4142135623730951, 4, 5, 3, 4, 7, 4, 6, 4, 5, 4
PDEBench: An Extensive Benchmark for Scientific Machine Learning,7.0, 7.0, 0.0, 7, 3, 7, 3, 7, 3, 7, 3
SAM Sketch datA Model for leveraging ML in industrial Computer-Aided Design,4.8, 5.0, 0.7483314773547882, 5, 4, 4, 3, 5, 2, 6, 3, 4, 3
OADAT: Experimental and Synthetic Clinical Optoacoustic Data for Standardized Image Processing,6.8, 7.0, 0.7483314773547882, 8, 4, 7, 2, 6, 4, 6, 1, 7, 3
SysNoise: Exploring and Benchmarking Training-Deployment System Inconsistency,4.4, 5.0, 0.8, 5, 3, 5, 3, 5, 4, 4, 3, 3, 3
SC2EGSet: StarCraft II Esport Replay and Game-state Dataset,5.333333333333333, 5.0, 1.247219128924647, 5, 4, 7, 3, 7, 3, 5, 3, 4, 4, 4, 4
Learning Long-Term Crop Management Strategies with CyclesGym,6.2, 6.0, 0.7483314773547882, 5, 5, 7, 4, 6, 4, 6, 5, 7, 3
Wukong: A 100 Million Large-scale Chinese Cross-modal Pre-training Benchmark,7.833333333333333, 8.0, 0.6871842709362768, 7, 3, 8, 3, 8, 3, 9, 5, 8, 5, 7, 4
MultiViz: An Analysis Benchmark for Visualizing and Understanding Multimodal Models,6.5, 6.5, 0.9574271077563381, 5, 4, 7, 3, 8, 4, 6, 4, 6, 2, 7, 3
EnvPool: A Highly Parallel Reinforcement Learning Environment Execution Engine,6.833333333333333, 7.0, 0.372677996249965, 7, 4, 6, 4, 7, 4, 7, 4, 7, 4, 7, 3
Referring Image Matting,5.2, 6.0, 0.9797958971132712, 6, 4, 6, 3, 6, 5, 4, 3, 4, 3
WikiDT:  Visual-based Table Recognition and Question Answering Dataset,4.166666666666667, 4.0, 0.6871842709362768, 3, 4, 4, 2, 4, 3, 5, 3, 4, 3, 5, 5
APT-36K: A Large-scale Benchmark for Animal Pose Estimation and Tracking,6.4, 6.0, 0.48989794855663565, 7, 4, 6, 5, 6, 3, 7, 4, 6, 4
Data-Driven Network Neuroscience: On Data Collection and Benchmark,5.833333333333333, 6.0, 0.37267799624996495, 6, 5, 6, 3, 6, 4, 6, 3, 6, 5, 5, 4
CGLB: Benchmark Tasks for Continual Graph Learning,6.142857142857143, 6.0, 0.6388765649999399, 7, 4, 6, 3, 6, 5, 6, 4, 7, 3, 5, 3, 6, 3
A Medical Low-Back Pain Physical Rehabilitation Database for Human Body Movement Analysis,3.8, 4.0, 0.7483314773547882, 4, 4, 3, 4, 4, 5, 3, 4, 5, 4
BigIssue: A Realistic Bug Localization Benchmark,5.2, 5.0, 0.9797958971132712, 4, 4, 7, 3, 5, 3, 5, 5, 5, 4
MineDojo: Building Open-Ended Embodied Agents with Internet-Scale Knowledge,8.5, 8.5, 0.5, 8, 4, 9, 4, 9, 4, 8, 4, 9, 3, 8, 4
Motley: Benchmarking Heterogeneity and Personalization in Federated Learning,4.6, 5.0, 1.0198039027185568, 5, 4, 3, 5, 5, 5, 6, 3, 4, 4
EEGCogNet: an EEG Dataset for Real-life Cognitive Task Classification,5.2, 4.0, 1.6, 4, 5, 4, 5, 6, 4, 8, 3, 4, 4
FLamby: Datasets and Benchmarks for Cross-Silo Federated Learning in Realistic Settings,6.166666666666667, 6.5, 1.3437096247164249, 7, 4, 6, 3, 5, 4, 7, 4, 8, 3, 4, 3
EPIC-KITCHENS VISOR Benchmark: VIdeo Segmentations and Object Relations,7.2, 7.0, 0.39999999999999997, 7, 3, 7, 2, 7, 4, 7, 4, 8, 3
FAD: A Chinese Dataset for Fake Audio Detection,5.333333333333333, 5.0, 0.7453559924999298, 5, 3, 5, 3, 5, 4, 5, 4, 5, 3, 7, 3
ReSPack: A Large-Scale Rectilinear Steiner Tree Packing Benchmark for Wire Routing,6.0, 6.0, 0.816496580927726, 7, 3, 5, 3, 5, 5, 6, 3, 6, 3, 7, 2
Prompt-Based Time Series Forecasting: A New Task and Dataset,5.5, 5.0, 1.118033988749895, 7, 5, 5, 4, 7, 4, 5, 5, 4, 4, 5, 3
PRUDEX-Compass: Towards Systematic Evaluation of Reinforcement Learning in Financial Markets,5.333333333333333, 5.5, 1.5986105077709065, 6, 4, 5, 4, 3, 4, 4, 4, 8, 4, 6, 3
A Multi-Task Benchmark for Korean Legal Language Understanding and Judgement Prediction,6.5, 6.5, 1.5, 9, 4, 6, 4, 4, 4, 6, 3, 7, 4, 7, 3
A Unified Evaluation of Textual Backdoor Learning: Frameworks and Benchmarks,6.25, 6.0, 0.4330127018922193, 7, 4, 6, 3, 6, 3, 6, 3
Multi-view Bootstrapping in the Wild,6.5, 6.5, 0.5, 7, 3, 7, 4, 6, 2, 6, 4
Benchmarking Constraint Inference in Inverse Reinforcement Learning,5.25, 4.5, 1.6393596310755, 4, 3, 8, 4, 4, 3, 5, 5
Multi-modal Robustness Analysis Against Language and Visual Perturbations,6.166666666666667, 6.5, 1.3437096247164249, 6, 4, 4, 4, 8, 3, 5, 5, 7, 4, 7, 4
Chartalist: Labeled Graph Datasets for UTXO and Account-based Blockchains,6.666666666666667, 6.5, 0.7453559924999298, 8, 3, 7, 3, 6, 5, 6, 4, 6, 3, 7, 3
SSL4EO-S12: A Large-scale Multimodal Multitemporal Dataset for Self-supervised Learning in Earth Observation,5.5, 5.5, 1.118033988749895, 7, 3, 4, 5, 6, 3, 5, 3
The Pump Scheduling Problem: A Real-World Scenario for Reinforcement Learning,4.6, 5.0, 0.48989794855663565, 4, 4, 5, 4, 4, 3, 5, 3, 5, 4
Natural Backdoor Datasets,5.666666666666667, 5.5, 1.4907119849998596, 4, 4, 5, 4, 7, 3, 6, 3, 4, 4, 8, 4
Which Model to Trust: Assessing the Influence of Models on the Performance of Reinforcement Learning Algorithms for Continuous Control Tasks,4.666666666666667, 4.5, 0.7453559924999298, 5, 4, 6, 3, 4, 5, 4, 3, 5, 4, 4, 4
SEN12TS: Fusing Sentinel-1 Backscatter and InSAR Timeseries with Multispectral Sentinel-2 Imagery for Deep Learning,5.6, 6.0, 1.0198039027185568, 4, 4, 6, 3, 7, 2, 6, 5, 5, 4
FlyView: a bio-inspired optical flow truth dataset for visual navigation using panoramic stereo vision,6.5, 6.0, 0.7637626158259734, 6, 4, 8, 3, 7, 4, 6, 4, 6, 3, 6, 3
ComMU: Dataset for Combinatorial Music Generation,7.0, 7.0, 0.0, 7, 4, 7, 3, 7, 3, 7, 3, 7, 4, 7, 4
A Dataset for Efforts Towards Achieving the Sustainable Development Goal of Safe Working Environments,6.0, 5.0, 1.2649110640673518, 5, 4, 5, 4, 8, 3, 7, 3, 5, 4
RL4RS: A Real-World Benchmark Dataset for Reinforcement Learning based Recommender System,5.833333333333333, 6.0, 0.6871842709362768, 6, 3, 7, 4, 6, 4, 5, 3, 6, 4, 5, 5
The Game of Hidden Rules: A New Kind of Benchmark Challenge for Machine Learning,5.666666666666667, 6.0, 0.9428090415820634, 7, 3, 6, 3, 6, 3, 5, 3, 4, 3, 6, 4
VLMbench: A Compositional Benchmark for Vision-and-Language Manipulation,6.4, 7.0, 1.3564659966250536, 7, 4, 7, 3, 8, 4, 6, 3, 4, 3
More Than Skin-Deep: Towards a Multidimensional Measure of Skin Color,5.833333333333333, 6.0, 0.37267799624996495, 6, 2, 6, 4, 6, 4, 5, 4, 6, 4, 6, 4
Characteristics of Harmful Text: Towards Rigorous Benchmarking of Language Models,5.5, 6.0, 1.6072751268321592, 5, 3, 4, 3, 3, 3, 7, 3, 7, 3, 7, 4
MATE: Benchmarking Multi-Agent Reinforcement Learning in Distributed Target Coverage Control,6.25, 6.5, 0.82915619758885, 7, 4, 7, 4, 5, 3, 6, 4
Vision meets mmWave Radar: 3D Object Perception Benchmark for Robust Autonomous Driving,4.4, 4.0, 1.8547236990991407, 7, 4, 6, 4, 4, 3, 2, 4, 3, 5
PEER: A Comprehensive and Multi-Task Benchmark for Protein Sequence Understanding,5.75, 5.5, 1.7853571071357126, 8, 4, 4, 5, 7, 3, 4, 4
ReCo: A Dataset for Residential Community Layout Planning,5.4, 5.0, 1.4966629547095764, 8, 4, 5, 4, 4, 4, 6, 3, 4, 4
NAS-Bench-Suite-Zero: Accelerating Research on Zero Cost Proxies,6.833333333333333, 7.0, 0.372677996249965, 6, 3, 7, 5, 7, 4, 7, 3, 7, 4, 7, 4
DVM-CAR: A Large-Scale Automotive Dataset for Visual Marketing Research and Applications,4.166666666666667, 4.5, 1.0671873729054748, 5, 3, 4, 4, 4, 4, 5, 4, 5, 4, 2, 3
End to End Software Engineering Research,3.4, 2.0, 1.9595917942265424, 2, 4, 2, 5, 7, 3, 4, 5, 2, 5
Active-Passive SimStereo - Benchmarking the Cross-Generalization Capabilities of Deep Learning-based Stereo Methods,5.5, 5.5, 0.5, 6, 3, 5, 3, 6, 4, 5, 4
Sample Efficiency Matters: A Benchmark for Practical Molecular Optimization,6.166666666666667, 6.0, 1.2133516482134197, 8, 4, 6, 4, 4, 5, 6, 4, 6, 3, 7, 5
MOMA-LRG: Language-Refined Graphs for Multi-Object Multi-Actor Activity Parsing,6.75, 6.5, 0.82915619758885, 6, 4, 7, 4, 6, 4, 8, 4
MoCapAct: A Multi-Task Dataset for Simulated Humanoid Control,6.0, 6.0, 0.5773502691896257, 7, 4, 6, 3, 5, 3, 6, 3, 6, 4, 6, 2
GoBigger: A Scalable Platform for Multi-Agent Interactive Simulation,3.3333333333333335, 3.0, 0.4714045207910317, 4, 4, 3, 4, 3, 4
A Minimalist Dataset for Systematic Generalization of Perception Syntax and Semantics,6.666666666666667, 7.0, 1.699673171197595, 8, 4, 9, 3, 4, 4, 5, 4, 7, 3, 7, 4
SCAMPS: Synthetics for Camera Measurement of Physiological Signals,7.4, 7.0, 0.48989794855663565, 8, 4, 7, 3, 8, 4, 7, 3, 7, 2
Dynamic stability of power grids - new datasets for Graph Neural Networks,5.333333333333333, 5.0, 0.4714045207910317, 5, 3, 6, 3, 6, 4, 5, 5, 5, 5, 5, 3
Wild-Time: A Benchmark of in-the-Wild Distribution Shift over Time,6.666666666666667, 7.0, 1.247219128924647, 8, 4, 7, 4, 7, 3, 8, 5, 5, 4, 5, 4
Rethinking Symbolic Regression Datasets and Benchmarks for Scientific Discovery,5.833333333333333, 6.0, 1.3437096247164253, 3, 5, 7, 2, 6, 3, 6, 5, 7, 4, 6, 5
Geoclidean: Few-Shot Generalization in Euclidean Geometry,7.2, 7.0, 0.7483314773547882, 7, 4, 8, 3, 8, 4, 6, 4, 7, 3
Multi-modal Pre-training for Medical Vision-language Understanding and Generation: An Empirical Study,5.2, 5.0, 1.32664991614216, 6, 4, 3, 5, 5, 4, 7, 3, 5, 5
MC-Blur: A Comprehensive Benchmark for Image Deblurring,5.8, 6.0, 0.7483314773547882, 5, 5, 6, 2, 7, 4, 5, 4, 6, 2
Diverse and Difficult Instances (D2I): A New Test Set for Object Classification,4.666666666666667, 5.5, 2.357022603955158, 6, 3, 7, 3, 1, 5, 5, 3, 2, 5, 7, 4
BinaryVQA: A Versatile Dataset to Push the Limits of VQA Models,5.5, 6.0, 0.7637626158259734, 5, 5, 6, 4, 6, 4, 6, 4, 4, 5, 6, 4
Breaking beyond COCO object detection,5.25, 5.0, 0.4330127018922193, 5, 5, 6, 4, 5, 5, 5, 3
AnimeRun: 2D Animation Visual Correspondence from Open Source 3D Movies,6.6, 7.0, 1.0198039027185568, 5, 3, 7, 4, 7, 3, 8, 3, 6, 4
Performance vs. Predicted Performance - A New Benchmarking Dataset for Fair ML,5.0, 5.0, 1.5, 3, 4, 7, 2, 3, 4, 6, 3, 4, 4, 5, 3, 5, 5, 7, 3
xView3-SAR: Detecting Dark Fishing Activity Using Synthetic Aperture Radar Imagery,7.0, 7.0, 0.816496580927726, 6, 4, 6, 4, 7, 4, 8, 3, 8, 5, 7, 3
OpenOOD: Benchmarking Generalized Out-of-Distribution Detection,6.0, 6.0, 1.1547005383792515, 8, 5, 6, 4, 4, 4, 6, 4, 6, 4, 6, 5
Towards Open Set 3D Learning: Benchmarking and Understanding Semantic Novelty Detection on Pointclouds,6.0, 6.0, 0.7071067811865476, 6, 4, 6, 3, 5, 3, 7, 4
FADE: A Video Dataset for Falling Object Detection around the Building,5.333333333333333, 5.0, 1.3743685418725535, 8, 4, 5, 3, 6, 4, 4, 4, 5, 3, 4, 4
Robustness Disparities in Face Detection,5.8, 6.0, 1.6, 4, 4, 6, 5, 7, 5, 8, 2, 4, 4
Touch and Go: Learning from Human-Collected Vision and Touch,5.5, 5.5, 1.3844373104863459, 3, 4, 7, 4, 5, 3, 7, 3, 5, 5, 6, 3
Is one annotation enough? -  A data-centric image classification benchmark for noisy and ambiguous label estimation,6.0, 6.0, 1.0, 4, 4, 6, 3, 6, 2, 7, 3, 7, 3, 6, 2
A Large Scale Search Dataset for Unbiased Learning to Rank,7.0, 7.0, 1.2909944487358056, 7, 4, 9, 4, 5, 2, 6, 3, 7, 4, 8, 4
pyKT: A Python Library to Benchmark Deep Learning based Knowledge Tracing Models,7.5, 7.0, 0.7637626158259734, 8, 3, 7, 3, 7, 3, 7, 3, 7, 3, 9, 4
Benchmarking Tracking Robustness to Corruptions,4.8, 5.0, 0.39999999999999997, 5, 4, 4, 4, 5, 4, 5, 4, 5, 4
Benchmarking the Robustness of LiDAR-Camera Fusion for 3D Object Detection,5.833333333333333, 5.5, 0.8975274678557507, 5, 4, 5, 5, 7, 3, 6, 3, 7, 4, 5, 4
Benchmarking Chinese Text Recognition: Datasets Baselines and an Empirical Study,5.833333333333333, 6.0, 0.6871842709362768, 5, 3, 5, 5, 6, 3, 7, 4, 6, 4, 6, 4
Toward Real-world Single Image Deraining: A New Benchmark and Beyond,5.75, 5.5, 1.479019945774904, 8, 5, 4, 5, 6, 3, 5, 5
DART: Articulated Hand Model with Diverse Accessories and Rich Textures,6.0, 6.0, 0.816496580927726, 7, 3, 6, 4, 6, 4, 5, 3, 7, 3, 5, 4
Can Language Models Make Fun? A Case Study in Chinese Comical Crosstalk,5.0, 6.0, 2.160246899469287, 7, 4, 6, 3, 2, 4
PSP: Million-level Protein Sequence Dataset for Protein Structure Prediction,5.0, 5.0, 1.5275252316519468, 3, 5, 5, 3, 5, 5, 4, 4, 5, 3, 8, 4
Perceive Ground Reason and Act: A Benchmark for General-purpose Visual Representation,4.833333333333333, 5.0, 1.462494064565354, 3, 4, 3, 3, 6, 3, 5, 4, 5, 3, 7, 5
AMOS: A Large-Scale Abdominal Multi-Organ Benchmark for Versatile Medical Image Segmentation,8.0, 8.0, 0.8660254037844386, 7, 4, 9, 5, 8, 4, 7, 4, 8, 4, 9, 4, 7, 4, 9, 5
EgoTaskQA: Understanding Human Tasks in Egocentric Videos,6.8, 7.0, 1.32664991614216, 5, 4, 6, 3, 9, 4, 7, 3, 7, 3
Neural Architecture Design and Robustness: A Dataset,6.0, 6.0, 1.2909944487358056, 7, 4, 5, 5, 6, 4, 4, 4, 6, 4, 8, 5
ImDrug: A Benchmark for Deep Imbalanced Learning in AI-aided Drug Discovery,6.0, 6.0, 1.7320508075688772, 6, 3, 3, 5, 6, 3, 6, 3, 6, 4, 9, 4
Prod3W: When Where and What is the Product Sold? Million-Scale Benchmarks for E-commerce,5.4, 5.0, 0.48989794855663565, 5, 4, 6, 2, 5, 3, 6, 4, 5, 5
Sanity Check for External Clustering Validation Benchmarks using Internal Validation Measures,6.4, 6.0, 0.4898979485566356, 7, 3, 6, 3, 6, 3, 6, 2, 7, 2
Enabling Detailed Action Recognition Evaluation Through Video Dataset Augmentation,6.833333333333333, 7.0, 0.37267799624996495, 7, 4, 7, 3, 7, 5, 6, 4, 7, 4, 7, 4
